CH,A1min,A1max,p,p_err,Qavg,Qavg_err,Qpeak,Qpeak_err,Qap,Qap_err
T0,44.36216393667552,137.59630882978453,0.19092028181573065,0.0027278336432607193,582.3761225780576,8.96012410806454,572.261469252365,8.01431056156009,0.01767488092271341,0.021172579487699145
T1,45.90874397534072,140.94175641869236,0.1926874531891834,0.0027632565219862155,571.2949267361003,6.697978192785976,559.4357706554664,6.952745097656278,0.021198422951644647,0.017447723504009905
T2,42.37274183164818,127.557521374911,0.17706309435709203,0.0015933823902848049,566.7773267081176,7.821689616088131,553.8521793869533,7.198720242052658,0.023336817660392528,0.019399836447020275
T3,39.30497100942899,119.60823018150052,0.17999812088383602,0.005166855193462004,577.5805983245624,14.256831935023289,563.9949002192615,13.447091348150005,0.024088335018666474,0.03514509389754409
B0,41.47022652556308,128.3634679011327,0.179125307849629,0.005865903600129429,574.8705893909361,4.51883075447246,559.925171733389,6.772071163730193,0.026691812427863892,0.014809596874813296
B1,35.696956265514366,107.90332758763068,0.16107593041506688,0.003636632901549024,521.6024798927132,6.510346595190405,525.8657515433509,8.446689317165811,-0.008107148332298864,0.020176873011774694
B2,40.08366071031823,120.79044029621242,0.16017943565747936,0.0025485012878065524,570.3182338199317,6.319484540397866,552.6616370445771,5.966269274853244,0.03194829456550541,0.015964328961058257
B3,42.60578886765905,127.71245587378252,0.1447661130913048,0.003565483521101643,562.6315481052061,3.5949408575462196,561.6748832478477,6.607268714533351,0.0017032359571191868,0.013409587353961788
