CH,A1,sigma1,p,p_err,Qavg,Qavg_err,Qpeak,Qpeak_err,Qap,Qap_err
T0,88.7237231002609,8.606810677176577,0.18566720490504587,0.002524238780700915,558.6130265452915,0.22697682027911706,548.8110423480261,2.2176446424758205,0.01786039900970038,0.004133728277225207
T1,91.81684316408547,8.394705139860962,0.18796454994509407,0.002929200611016204,554.5565295601406,0.6584404028401076,542.7199933596073,1.5007946693816858,0.02180965570710125,0.0030750774287081934
T2,84.74482597330035,8.64220626600986,0.17131861111883756,0.0024980181243583997,553.6404222877104,1.1187824356723304,541.5984864559232,1.4860970208655793,0.022234064778479112,0.0034834891317934414
T3,78.60971871888655,8.079746408148784,0.1787308548723937,0.005180374486998035,547.4529197482012,1.2766046961672044,539.9949466806494,0.8601135710713508,0.013811190481310964,0.0028629747396424414
B0,82.94187107245708,9.660598902735542,0.2080655175565264,0.008344892371705166,559.3620814042082,0.9867406288267834,544.8520336522254,2.205459392182664,0.026631171135986786,0.00453309144444015
B1,71.39497018624051,8.045476381909644,0.16364916736423812,0.00432592088738215,509.4704533506744,0.7660724854084581,503.4316700176173,0.8208392905860518,0.01199523926026691,0.0022445993099508444
B2,80.17007150254244,8.036845791196619,0.1650903513137813,0.0034201434266879775,552.9634774279787,1.7104968672119267,541.6398508417188,0.993673438557193,0.020906191759455517,0.003671616457136706
B3,85.22809633596988,9.638114665780643,0.16040383314401244,0.007389316121342112,558.8080838323342,3.4680304582071857,542.1958173157344,0.9603602091779503,0.030638868810981768,0.0066516728864259205
