CH,A1min,A1max,p,p_err,Qavg,Qavg_err,Qpeak,Qpeak_err,Qap,Qap_err
T0,55.20365315582325,168.6396236946822,0.2432149192866851,0.0037001322979936615,689.5328313139534,10.880968153344666,669.460723652337,9.878319903541053,0.02998250226258259,0.022252000372086286
T1,56.0339879116147,170.71643470816633,0.2520447585605915,0.00332937790978364,675.5178792229295,7.1422940938241375,652.4528293572872,6.709506042757732,0.03535129104791079,0.015270652276147819
T2,49.20446895343154,150.20420140517524,0.23533460359597475,0.003092556895592357,649.3072096661851,3.201037340955662,641.8109425686688,6.203515731310341,0.011679868011465588,0.010977022443419648
T3,46.83857970269948,142.42034967060448,0.23991136609046484,0.005504732433450541,673.6690632785646,6.564252039201471,652.4375525990301,10.065740136662697,0.032541828095205894,0.01884116330137933
B0,51.832712731110746,157.85360430265945,0.2240752065106396,0.00460171641616158,688.8498016798882,5.202597553379999,659.1915467100811,6.385337211177265,0.04499186180075676,0.012835637318305521
B1,41.16171521654852,126.9956685452068,0.21830947668997308,0.0031638253821911592,620.7896699757719,10.321140481482203,604.7916785122744,8.943776735716039,0.02645206941810252,0.022839625232315423
B2,46.68800743953601,142.33872927593967,0.2180230159958855,0.0017476010223308185,646.9819977989347,3.342091563214715,640.3380424496687,5.847473946690285,0.010375699878534483,0.010600514655572255
B3,50.96769427403615,152.34316635222442,0.19144280946489653,0.007475317748697663,672.5726283810669,6.147642976583202,654.5747759795332,7.446853375431822,0.02749548724147055,0.014994965088154791
