CH,A1min,A1max,p,p_err,Qavg,Qavg_err,Qpeak,Qpeak_err,Qap,Qap_err
T0,65.751834040686,197.83824509605864,0.3080794086751934,0.00363457562400737,800.777202521738,10.422230205588848,769.6777058865771,9.141144111300353,0.040405869102493996,0.018331445828216452
T1,66.7586988926125,200.8972814775786,0.3140790442826818,0.0041329248043642675,782.0043861387894,6.588809789410904,752.3022690179993,6.4156210058103875,0.03948162639408381,0.012461482940726382
T2,57.17994895235066,176.0165900789877,0.2866856701501853,0.0030882037938627254,760.7630453657325,5.870966530007665,734.5480062504411,5.778753763043952,0.03568866689749561,0.011413569614546024
T3,54.16614685006261,165.57075235419467,0.2926181559952645,0.004330673654183921,772.5815435944887,11.778838698059449,741.6375191065521,10.420809480895993,0.04172391996189018,0.021598527173736077
B0,61.44509935762216,184.7483261510967,0.27998386075450726,0.004260363051223753,793.813980853027,4.763255182026471,760.7462043063902,5.358976072912183,0.04346755377739475,0.009655809815049557
B1,48.847764434811644,149.9181360046407,0.27649974008077355,0.0022098024570992338,702.7145259355665,3.142898227310175,688.2393321614081,8.300697764332886,0.021032209433162086,0.013133886864055592
B2,54.11532144548491,166.64558499526123,0.2646700351616166,0.0036669772566793224,760.0563678569882,3.789016175677477,729.9298616680801,5.011255522947008,0.041273152080751,0.008834613459382596
B3,58.180960023474256,175.6618650094106,0.253599296170336,0.005669704955450283,802.7048661937912,7.375620367230214,760.5216860911602,4.449288937788849,0.05546611079486663,0.01149702124197486
