CH,A1min,A1max,p,p_err,Qavg,Qavg_err,Qpeak,Qpeak_err,Qap,Qap_err
T0,35.99417008650335,109.3813447658602,0.14243038240950984,0.0023681643264266768,475.5067023284293,9.67912600670821,466.8642664789479,11.713369615101191,0.018511667030466805,0.032906325375343604
T1,38.88967730916418,115.98817525842736,0.14031114747212797,0.0020890571159249425,473.9893560189517,7.0715505782311725,469.9534122889331,5.351437429059776,0.008587965582293133,0.018929522596320126
T2,33.422240764240364,101.82365167117797,0.12862271796111038,0.007133794534282926,463.0077380100283,9.291685312404267,451.7910747589605,10.122546102371231,0.02482710234382579,0.030825484271309753
T3,31.028505276663875,94.85489401426558,0.12727944434878447,0.0029794476811771313,463.31225728162866,10.194946002561121,454.0668195918169,9.157212874607128,0.020361403412217927,0.030455853068002588
B0,33.48303343784799,101.71711017183736,0.12798294859381712,0.002870147490196204,453.05841015613964,4.749450037408692,456.51664398264637,6.310729225063311,-0.007575263404061561,0.017217598382147346
B1,29.260091390833516,88.45362767543486,0.11456319804332636,0.0026292798096816585,449.06078310777445,12.103795706857943,439.3176700660719,11.405266128447257,0.022177830999233983,0.038253024068991184
B2,31.636635221569314,96.32294137881837,0.1163322362082855,0.0008433080510146386,443.5674060388666,3.872121536006943,442.59354886446374,4.002706307076753,0.002200341999790467,0.012597208447253821
B3,33.078854323759074,100.77995554935981,0.09976580434075567,0.0024872008870017288,454.64776814050697,5.824121741467258,453.1198053029771,5.9798405419958875,0.003372094575535556,0.01845393895869709
