CH,A1,sigma1,p,p_err,Qavg,Qavg_err,Qpeak,Qpeak_err,Qap,Qap_err
T0,131.50249010582016,10.412485277443466,0.31224946526944425,0.00583269568220409,775.9489423922121,0.5471807500978979,747.6843597009532,0.6347514819504702,0.03780282725529216,0.0011453510128620196
T1,133.51578276204953,9.678989053788714,0.30611061640604204,0.00341429885814587,760.0771103747004,1.0399207712871652,733.6417489862821,0.8010623915231919,0.03603306576397225,0.001813547261695038
T2,114.3564027440604,10.326847580551108,0.2955389671785316,0.0050445071746240515,748.8084588156331,1.6504367492661254,718.772277291612,1.5105955602386776,0.04178817474318808,0.0031727278241884087
T3,108.3316117220182,9.025756541401003,0.28542937872348423,0.0033281009919440972,740.2182533147376,1.1157073269823325,714.8039142697904,1.9317488867283892,0.03555428074412448,0.0032044168502510383
B0,122.87348836964676,12.14091947987985,0.33797536814807855,0.008318664484775603,781.0068280661372,1.397201187619886,749.1235473748029,0.6179494495528295,0.04256077759545107,0.002053840394866332
B1,97.70187545800752,9.120247420695607,0.2841269793684564,0.003824996574930179,692.1187040510761,2.3401715575338886,664.3567302795079,1.1297194537443283,0.041787751228000936,0.003942849157689039
B2,108.22120118811242,9.095737432892193,0.2745825879155489,0.003726325477834676,747.7749111421233,2.0893878799797747,718.2306528082859,0.30964165634278057,0.04113477782982278,0.002943500164445869
B3,118.01386724301354,11.13228623928343,0.20258418915703927,0.039698666152154484,777.6135212883386,6.276842273757866,727.7406045729573,1.851741469382341,0.06853117223635885,0.009043497663852738
