CH,A1,sigma1,p,p_err,Qavg,Qavg_err,Qpeak,Qpeak_err,Qap,Qap_err
T0,110.40477685111517,9.927730652433459,0.24547176709368815,0.004058138707997186,666.4581521925,0.7618117491192603,647.2955836476771,0.9557611228762434,0.029604046480337542,0.0019225787903608452
T1,112.0665789270418,9.454292502650238,0.25068257724110665,0.0038690408134050155,656.3728748484166,0.921562301630223,638.8274276700004,0.7163305248278773,0.02746508120731428,0.0018461920014627875
T2,98.40860890287297,9.36664355460674,0.23343536658993527,0.00430302103826565,648.2963804624402,0.40159371101431374,629.5460843532322,1.05016954742083,0.029783834059537106,0.001832440681001545
T3,93.67685553704118,8.46324253631889,0.24032324302125302,0.005554498553514684,642.8356657568024,0.7857343166142515,625.1849450351087,1.3270318379842054,0.02823279872918638,0.002518547220161047
B0,103.68928184605933,11.145675938868573,0.26608900240856326,0.009814337935841173,671.1494587993731,1.2385080238255848,649.2048948526339,0.8274171192477063,0.0338022157884692,0.00231850779947284
B1,82.32786715206745,8.34244447496754,0.22198127452072774,0.002079965003851489,595.182396674223,1.16801720237756,581.0732685722453,0.6726442267940572,0.024281151560534342,0.002333750607714404
B2,93.3719299237,8.361225191140282,0.2266790615738941,0.003109674951003405,643.0821748274584,0.8661621828730419,628.1286294735249,0.6380946647126916,0.023806501809138902,0.001727201937142681
B3,101.93034896710621,10.91323880198686,0.21830572328376835,0.007580468958685226,660.7967431954422,3.6856046167991896,633.3087149998336,2.210174358420799,0.0434038369353813,0.006864929870164536
