CH,A1,sigma1,p,p_err,Qavg,Qavg_err,Qpeak,Qpeak_err,Qap,Qap_err
T0,143.69447353198123,11.406714332060146,0.38365417808119145,0.00972310203622409,876.0041835957044,2.5076155781293847,833.9606609731911,1.2319537457642598,0.050414275624764526,0.003383650360073333
T1,147.61276497810576,10.395327459369016,0.36333483058649213,0.005643787552783424,857.8954879329199,1.170116131716893,819.3856608320732,0.8358986021100623,0.04699841471687538,0.0017832931989563798
T2,133.05977862780705,11.55877289226757,0.35265068814567774,0.008361530712756284,860.6440619914675,2.2915810447469043,813.9935536852362,2.4908907109459553,0.05731066062504797,0.004288793382983461
T3,121.89696497117052,10.136243194429495,0.3689377952903988,0.007554147384969661,828.8402986704908,1.3774533977649381,792.4564814684154,2.1154504410407893,0.0459127006377138,0.0032889048679435166
B0,133.8382080921402,13.252892573376837,0.4054517687521364,0.013197534812357897,883.2608960086261,5.954976611883774,829.2008673241917,0.7789205124718348,0.0651953354304664,0.007250956843054644
B1,114.06959211446228,9.780806088912634,0.33975367199492923,0.004256739935813279,809.4216017903334,2.0131538920512653,771.9674612808806,1.1106532391264303,0.04851777100463184,0.003012708657645175
B2,125.9765793697901,10.345920586435538,0.34327364338570754,0.005490254138483674,858.3547528436375,1.3713996511522468,811.8360850733804,0.42978157276466755,0.057300566734542535,0.0017795744794529302
B3,134.17201325138828,11.867164630009217,0.2654921684071652,0.04186093066935144,872.653608256633,5.100577778028522,803.5341073867743,1.3348198314573203,0.08601937395619297,0.006599072207776631
