CH,A1,sigma1,p,p_err,Qavg,Qavg_err,Qpeak,Qpeak_err,Qap,Qap_err
T0,71.98776868408406,8.059349756975537,0.13660487891687934,0.0029720990113647197,450.2451656642166,0.9695698130453071,443.21428050066993,2.8927478310557664,0.01586339942748305,0.00698184830291545
T1,77.79030603001074,8.260572061120858,0.13805076301278196,0.003164107219663888,456.2365933843007,0.8070659757801094,449.94186639956524,2.8836103836337155,0.013990089508908898,0.006741517043489982
T2,66.84275222452882,8.245357978658353,0.1265508311720847,0.0058580227116389666,443.85921012023175,0.42537687776071176,436.1478267978966,2.058509360718503,0.017680664326475082,0.0049012189648411164
T3,62.05815794672149,7.7415339708012505,0.12451554189419724,0.002475461278958347,435.559059907041,0.7478384824316844,431.2594519769989,2.6518387005937907,0.009969886828756103,0.006447916565998868
B0,66.96661843302306,8.559634431028261,0.14191283835618004,0.006918095163557806,446.9112840610265,1.096475863151759,442.1105817279647,0.6764317007279025,0.010858600837597043,0.0029228237225491483
B1,58.54001691511534,7.904674668035282,0.11576120648326324,0.0034851033594944483,421.99705525501355,1.452578995444078,417.9416011473387,1.4447682132367783,0.009703398983355038,0.00492569195936391
B2,63.274577759864584,7.695943692982101,0.12312487217786004,0.0015635725622570042,439.77543844945336,0.4968374579527859,434.53429445756973,1.0197013194646611,0.012061519789654751,0.0026358563843252793
B3,66.15338608177441,9.566964619269521,0.13323045511635903,0.010213014967017065,441.56218034099766,0.5131983351379281,434.79832888619353,0.7645245558135633,0.015556295885797988,0.002140525842933358
