WL(nm),PDE(%)
350,46.4137
360,36.8618
370,44.8663
380,54.6362
390,45.0806
400,57.3435
410,55.5634
420,47.1428
430,55.7637
440,55.4371
450,44.6502
460,40.0393
470,44.4488
480,47.461
490,39.3571
500,35.5786
510,35.3982
520,39.9302
530,38.746
540,33.1823
550,27.8604
560,26.7721
570,27.2775
580,28.5062
590,28.6419
600,25.3087
610,21.9844
620,18.9052
630,18.448
640,18.1161
650,17.1737
660,16.7549
670,17.2129
680,13.4442
690,12.516
700,11.5646
710,10.1002
720,8.9903
730,9.85151
740,10.2723
750,10.0185
760,9.39553
770,8.52352
780,7.47675
790,6.39012
800,5.46552
810,4.80319
820,4.02727
