WL(nm),PDE(%)
350,46.1084
360,36.6802
370,44.7661
380,54.5485
390,44.7536
400,56.8362
410,54.5153
420,46.0429
430,54.2812
440,53.692
450,42.8506
460,38.3617
470,42.6696
480,45.2676
490,37.4291
500,33.5889
510,33.2316
520,37.6281
530,36.3854
540,30.6873
550,25.9541
560,25.1057
570,25.2032
580,26.5305
590,26.4625
600,23.4826
610,20.2638
620,17.4658
630,17.0668
640,16.8408
650,15.8782
660,15.4568
670,16.1671
680,12.3068
690,11.8195
700,10.6466
710,9.26965
720,8.28389
730,8.98461
740,9.38072
750,9.24934
760,8.49798
770,7.81643
780,6.99883
790,5.81131
800,5.05917
810,4.36776
820,3.64299
