WL(nm),PDE(%)
350,42.7909
360,33.8034
370,41.4102
380,50.3349
390,41.2692
400,52.0682
410,49.8666
420,41.8043
430,49.0324
440,47.8332
450,38.2939
460,33.7717
470,37.8468
480,39.8236
490,32.4117
500,29.2574
510,28.8621
520,32.5915
530,31.3422
540,26.2529
550,22.3163
560,21.4349
570,21.583
580,22.7401
590,22.7695
600,20.0821
610,17.2891
620,14.8606
630,14.5359
640,14.332
650,13.4951
660,13.2414
670,13.4724
680,10.445
690,9.87257
700,8.89261
710,7.84823
720,7.0987
730,7.77077
740,8.02847
750,7.90188
760,7.19607
770,6.7161
780,5.97771
790,4.8926
800,4.30992
810,3.7864
820,3.19936
