WL(nm),PDE(%)
350,46.6878
360,37.2823
370,45.2796
380,55.029
390,45.3758
400,57.8538
410,56.2181
420,47.9716
430,57.0881
440,56.9205
450,45.9593
460,40.9756
470,46.3071
480,49.5997
490,41.3692
500,37.8499
510,37.4251
520,42.1553
530,41.1671
540,35.1377
550,29.8072
560,29.095
570,28.9315
580,30.7203
590,30.7634
600,27.3736
610,23.5814
620,20.4202
630,19.827
640,19.1384
650,18.675
660,18.0334
670,18.5594
680,14.244
690,13.9428
700,12.5194
710,11.1057
720,9.80106
730,10.7873
740,10.9419
750,11.0532
760,10.0745
770,9.23839
780,8.21441
790,6.86951
800,5.88598
810,5.17177
820,4.29874
