CH,A1min,A1max,p,p_err,Qavg,Qavg_err,Qpeak,Qpeak_err,Qap,Qap_err
T0,44.5,136.9375,0.18627111553180847,0.0022284373733925545,557.9168018375892,1.3107867909871067,548.2538285327897,1.142212855589554,0.017624999228293747,0.003195445210340475
T1,45.5625,140.125,0.19022204535584894,0.002737933170240482,554.4039799752105,0.8531325738889513,546.0889949632804,0.8701140864922213,0.015226428455107799,0.0022488527111247016
T2,43.4375,126.3125,0.17612605019247207,0.0021749638323396037,553.6832675971204,1.3221204788422884,544.4024958500154,1.3648293627496593,0.017047628947061133,0.0035212559593441935
T3,39.1875,118.875,0.17632456011685393,0.003423049676992564,546.3351255994895,2.034846341551299,538.5900470054972,1.6575337714163751,0.0143802854082693,0.004900985126740083
B0,40.53333333333333,130.06666666666666,0.17046734443419145,0.003110783244095859,557.6511895772076,1.578452232895894,546.6346651924671,1.6374131393241618,0.020153358515712982,0.0042042968434321355
B1,36.0,108.53333333333333,0.16022476025856663,0.0032049665356710796,511.90019327223433,1.1369399205855175,503.7856734867575,1.0844050840519548,0.016107087224841665,0.003142751275212241
B2,40.53333333333333,121.0,0.1614682213118119,0.003890689390077374,551.1039043888193,1.1734284577222502,541.756130093863,1.199105982983439,0.01725457964515642,0.0031242523548129413
B3,36.0,123.26666666666665,0.15402653313383932,0.008221355974535858,553.7179070742161,0.7369276074695443,542.1529310045653,0.6436067370739094,0.021331575295962857,0.0018214385223759304
