CH,A1min,A1max,p,p_err,Qavg,Qavg_err,Qpeak,Qpeak_err,Qap,Qap_err
T0,36.0,108.25,0.13628968968779728,0.002907138845324999,450.56234037426213,1.4048113170990195,444.5563524798497,1.4764730285106538,0.013510071020039316,0.0046169691951040695
T1,39.1875,115.6875,0.13850003201649544,0.002039311090382464,456.3598164003063,0.9811779849750579,452.6274002154887,0.8726746354160758,0.008246111885936713,0.0029116852474864716
T2,34.9375,101.875,0.12753776439054051,0.004691037702713287,443.3577760577755,0.35150766939756567,438.75212290236516,0.44249776322201534,0.01049716437824566,0.0012963254980958858
T3,31.75,95.5,0.12843148708907084,0.0017828439880340436,435.7526445796859,0.9537989110480599,432.3284534242131,1.3929979175478715,0.007920346505884357,0.00392609195286854
B0,34.866666666666674,101.73333333333332,0.1193398294167293,0.003874102542910447,445.4392055387878,0.9421020915771343,442.1339981122819,0.8200628007476312,0.0074755785364113425,0.0028341111944014887
B1,31.46666666666667,88.13333333333333,0.11489587142600784,0.0013617287542307657,421.3011084021841,1.3965861128029629,418.15483151637073,0.8474064370195997,0.007524191157624482,0.003914546341508417
B2,31.46666666666667,96.06666666666666,0.11431230941850547,0.001723712539993556,439.98470882091874,0.3615299902995908,435.2126754666192,0.5739609818175702,0.010964830813310122,0.001570877732935807
B3,29.19999999999999,96.06666666666666,0.10371754526657281,0.005030967279344817,440.31767710102406,1.4014889877906764,435.0190314787097,2.194148373847843,0.012180261641205226,0.0060367692905502375
