CH,A1min,A1max,p,p_err,Qavg,Qavg_err,Qpeak,Qpeak_err,Qap,Qap_err
T0,64.6875,197.5,0.2956788062441566,0.0044469814448719665,776.1052885098686,1.2624567074219726,748.5379909672512,1.3621794617185323,0.036828187580693506,0.0025307179048682992
T1,65.75,200.6875,0.30279072299334386,0.007501120505806262,762.2544254820784,0.9384935678600086,736.448972842162,1.0037107336947142,0.03504038106038232,0.0019010356962206073
T2,58.3125,176.25,0.2847215472911684,0.004953297976434346,748.0280119010096,2.544765225469824,721.1680684668908,1.063536069378966,0.037245053696317365,0.003845959710298901
T3,54.0625,165.625,0.28688100718072795,0.005517588607361051,740.8545392556555,2.496179317853321,716.7460107990801,1.7694484615366952,0.03363608320567768,0.0043174507930135555
B0,59.79999999999998,185.59999999999997,0.27886857316870733,0.0070550059140453035,785.7214575684792,3.5030517199777984,753.8447228702853,2.009532833020717,0.04228554466339207,0.005414194395151355
B1,46.19999999999999,149.33333333333331,0.2654887123838494,0.00422896242039901,690.73739921785,2.1672813337292585,667.3851768038841,2.8709735614473213,0.034990621946085154,0.00551082099387469
B2,53.0,166.33333333333331,0.2620888704952899,0.004907443338196231,747.8635947769136,0.8881290026009778,721.2327266903053,1.554573098840074,0.03692409828491261,0.0025518032957056623
B3,43.93333333333334,168.59999999999997,0.2508739993677992,0.009009390782555585,766.5238217701702,2.2826190908402655,736.7532534849864,2.782477309290864,0.040407786656337485,0.005003816861979766
